Run on Tue Dec 16 20:00:42 UTC 2025
Run on Wed Dec 17 01:21:55 UTC 2025
Run on Thu Dec 18 01:22:41 UTC 2025
Run on Fri Dec 19 01:25:45 UTC 2025
Run on Sat Dec 20 01:21:49 UTC 2025
Run on Sun Dec 21 01:40:14 UTC 2025
Run on Mon Dec 22 01:39:35 UTC 2025
Run on Tue Dec 23 01:26:07 UTC 2025
Run on Wed Dec 24 01:24:54 UTC 2025
Run on Thu Dec 25 01:25:57 UTC 2025
Run on Thu Dec 25 16:17:30 UTC 2025
Run on Thu Dec 25 16:17:58 UTC 2025
Run on Fri Dec 26 01:26:12 UTC 2025
Run on Sat Dec 27 01:24:19 UTC 2025
Run on Sun Dec 28 01:44:24 UTC 2025
Run on Mon Dec 29 01:43:11 UTC 2025
Run on Tue Dec 30 01:26:34 UTC 2025
